{"stats":{"minecraft:picked_up":{"minecraft:wheat_seeds":2},"minecraft:custom":{"minecraft:time_since_rest":17806,"minecraft:sprint_one_cm":734,"minecraft:crouch_one_cm":1153,"minecraft:play_time":17806,"minecraft:walk_one_cm":45148,"minecraft:sneak_time":508,"minecraft:jump":70,"minecraft:walk_on_water_one_cm":450,"minecraft:time_since_death":17806,"minecraft:total_world_time":24956,"minecraft:fly_one_cm":20157},"minecraft:used":{"minecraft:calcite":1,"cabletiers:ultra_disk_manipulator":1,"createaddition:copper_spool":2,"createaddition:alternator":26,"createcasing:mldeg_shaft":1,"create:encased_chain_drive":23,"refinedstorage:white_controller":1,"cabletiers:mega_disk_manipulator":34,"cabletiers:elite_disk_manipulator":1,"create:shaft":2,"createaddition:modular_accumulator":16,"create:wrench":65,"create:cogwheel":3,"createaddition:gold_spool":66,"createcasing:brass_shaft":2,"alexsmobs:animal_dictionary":2,"createcasing:oak_shaft":4,"refinedstorage:disk_drive":1,"create:creative_motor":3,"createaddition:large_connector":21}},"DataVersion":3465}